Date,Line,HoursRan,Notes,EnteredBy,LastUpdated
04-21-2026,2,8.5,,ADZ,04-22-2026 12:26
04-21-2026,1,8.5,,ADZ,04-22-2026 12:27
04-21-2026,5,5.0,,ADZ,04-22-2026 12:27
04-21-2026,4,1.0,,ADZ,04-22-2026 12:28
04-22-2026,2,7.5,,ADZ,04-23-2026 09:23
04-22-2026,1,7.5,,ADZ,04-23-2026 09:34
04-22-2026,5,3.0,,ADZ,04-23-2026 15:10
04-22-2026,4,3.0,,ADZ,04-23-2026 15:17
04-23-2026,2,5.0,,ADZ,04-24-2026 14:32
04-23-2026,1,7.0,,ADZ,04-24-2026 14:34
04-23-2026,3,7.0,,ADZ,04-24-2026 14:35
04-23-2026,4,2.0,,ADZ,04-24-2026 14:35
04-24-2026,2,4.0,,ADZ,04-27-2026 12:43
04-24-2026,3,2.0,,ADZ,04-27-2026 12:45
04-25-2026,4,4.0,,ADZ,04-27-2026 12:48
04-27-2026,3,5.0,,ADZ,04-27-2026 21:26
04-27-2026,4,4.0,,ADZ,04-27-2026 21:26
04-28-2026,3,6.0,,ADZ,05-01-2026 15:24
04-28-2026,1,5.0,,ADZ,05-01-2026 15:24
04-29-2026,3,7.0,,ADZ,05-01-2026 15:29
04-29-2026,1,8.5,,ADZ,05-01-2026 15:30
04-30-2026,3,7.0,,ADZ,05-01-2026 15:31
04-30-2026,1,7.0,,ADZ,05-01-2026 15:31
05-01-2026,3,5.0,,UNKNOWN,05-17-2026 21:09
05-01-2026,5,3.0,,UNKNOWN,05-17-2026 21:09
05-04-2026,3,8.5,,UNKNOWN,05-17-2026 21:10
05-04-2026,5,3.0,,UNKNOWN,05-17-2026 21:10
05-04-2026,6,1.4,,UNKNOWN,05-17-2026 21:11
05-05-2026,4,3.0,,UNKNOWN,05-17-2026 21:12
05-05-2026,6,7.0,,UNKNOWN,05-17-2026 21:13
05-06-2026,4,5.0,,UNKNOWN,05-17-2026 21:24
05-06-2026,6,6.0,,UNKNOWN,05-17-2026 21:24
05-06-2026,2,4.0,,UNKNOWN,05-17-2026 21:25
05-07-2026,2,7.0,,UNKNOWN,05-17-2026 21:26
05-07-2026,6,8.5,,UNKNOWN,05-17-2026 21:28
05-07-2026,4,2.0,,UNKNOWN,05-17-2026 21:29
05-08-2026,6,7.0,,UNKNOWN,05-17-2026 21:30
05-08-2026,2,2.0,,UNKNOWN,05-17-2026 21:30
05-09-2026,6,7.0,,UNKNOWN,05-17-2026 21:31
05-11-2026,6,2.0,,UNKNOWN,05-17-2026 21:32
05-11-2026,2,8.5,,UNKNOWN,05-17-2026 21:33
05-11-2026,1,4.0,,UNKNOWN,05-17-2026 21:33
05-12-2026,1,2.0,,UNKNOWN,05-18-2026 22:40
05-12-2026,3,4.5,,UNKNOWN,05-18-2026 22:41
05-12-2026,2,5.0,,UNKNOWN,05-18-2026 22:41
05-12-2026,6,8.5,,UNKNOWN,05-18-2026 22:42
05-13-2026,1,0.35,,UNKNOWN,05-18-2026 22:43
05-13-2026,6,8.5,,UNKNOWN,05-18-2026 22:43
05-13-2026,3,5.5,,UNKNOWN,05-18-2026 22:43
05-14-2026,6,4.25,,UNKNOWN,05-18-2026 22:44
05-14-2026,2,4.26,,UNKNOWN,05-18-2026 22:45
05-15-2026,7,2.55,,UNKNOWN,05-18-2026 22:48
05-15-2026,2,6.4,,UNKNOWN,05-18-2026 22:49
05-16-2026,4,2.0,,UNKNOWN,05-18-2026 22:51
05-18-2026,3,8.0,,UNKNOWN,05-28-2026 22:54
05-18-2026,2,7.0,,UNKNOWN,05-28-2026 22:57
05-19-2026,3,8.0,,UNKNOWN,05-28-2026 23:00
05-19-2026,2,8.5,,UNKNOWN,05-28-2026 23:00
05-20-2026,1,0.3,,UNKNOWN,05-28-2026 23:01
05-20-2026,3,8.0,,UNKNOWN,05-28-2026 23:01
05-20-2026,2,6.5,,UNKNOWN,06-01-2026 08:17
05-21-2026,3,7.5,,UNKNOWN,06-01-2026 08:18
05-21-2026,4,6.5,,UNKNOWN,06-01-2026 08:20
05-22-2026,3,6.0,,UNKNOWN,06-01-2026 08:23
05-22-2026,6,7.0,,UNKNOWN,06-01-2026 08:24
05-23-2026,6,5.0,,UNKNOWN,06-01-2026 08:25
05-26-2026,4,5.0,,UNKNOWN,06-01-2026 08:30
05-26-2026,6,8.5,,UNKNOWN,06-01-2026 08:30
05-26-2026,3,8.0,,UNKNOWN,06-01-2026 08:31
05-27-2026,3,3.0,,UNKNOWN,06-01-2026 08:32
05-27-2026,6,7.0,,UNKNOWN,06-01-2026 08:32
05-27-2026,4,8.5,,UNKNOWN,06-01-2026 08:32
05-28-2026,6,8.5,,UNKNOWN,06-01-2026 08:41
05-28-2026,4,8.5,,UNKNOWN,06-01-2026 08:42
05-28-2026,1,3.0,,UNKNOWN,06-01-2026 08:44
05-29-2026,6,8.0,,UNKNOWN,06-01-2026 08:47
05-29-2026,4,5.0,,UNKNOWN,06-01-2026 08:47
05-29-2026,1,5.0,,UNKNOWN,06-01-2026 08:48
05-30-2026,6,5.0,,UNKNOWN,06-01-2026 08:48
05-30-2026,4,1.0,,UNKNOWN,06-01-2026 08:49
05-30-2026,2,2.0,,UNKNOWN,06-01-2026 08:53
06-01-2026,6,8.5,,UNKNOWN,06-03-2026 07:43
06-01-2026,4,1.0,,UNKNOWN,06-03-2026 07:44
06-01-2026,2,8.5,,UNKNOWN,06-03-2026 07:44
